"","names","out.min","out.max"
"1","qmax",0.180883974760897,2.82330723039791
"2","kaff",0.00784671972366782,0.128234458573864
"3","totalSOC",0.10875,771.573
